Session Date,First Buy-in (PST),Player,Buy-in,Cash-out,Net,# Buy-in txns,# Cash-out txns,Match,Note
2025-09-05,2025-09-05 08:15 PM,Alex Kim,20.00,0.00,-20.00,1,0,BUYIN-ONLY,
2025-09-05,2025-09-05 08:15 PM,Jordan Lee,20.00,54.30,+34.30,1,1,OK,
2025-09-05,2025-09-05 08:15 PM,Sam Chen,40.00,12.50,-27.50,2,1,OK,
2025-09-05,2025-09-05 08:15 PM,Riley Park,20.00,0.00,-20.00,1,0,BUYIN-ONLY,
2025-09-05,2025-09-05 08:15 PM,Morgan Wu,20.00,61.40,+41.40,1,1,OK,
2025-09-05,2025-09-05 08:15 PM,Taylor Nguyen,20.00,32.80,+12.80,1,1,OK,
2025-09-05,2025-09-05 08:15 PM,Casey Tran,20.00,0.00,-20.00,1,0,BUYIN-ONLY,
2025-09-19,2025-09-19 08:30 PM,Alex Kim,20.00,45.00,+25.00,1,1,OK,
2025-09-19,2025-09-19 08:30 PM,Jordan Lee,40.00,18.20,-21.80,2,1,OK,
2025-09-19,2025-09-19 08:30 PM,Sam Chen,20.00,37.60,+17.60,1,1,OK,
2025-09-19,2025-09-19 08:30 PM,Riley Park,20.00,0.00,-20.00,1,0,BUYIN-ONLY,
2025-09-19,2025-09-19 08:30 PM,Morgan Wu,20.00,0.00,-20.00,1,0,BUYIN-ONLY,
2025-09-19,2025-09-19 08:30 PM,Taylor Nguyen,20.00,0.00,-20.00,1,0,BUYIN-ONLY,
2025-09-19,2025-09-19 08:30 PM,Drew Santos,20.00,79.00,+59.00,1,1,OK,
2025-10-03,2025-10-03 08:00 PM,Alex Kim,20.00,0.00,-20.00,1,0,BUYIN-ONLY,
2025-10-03,2025-10-03 08:00 PM,Jordan Lee,20.00,88.50,+68.50,1,1,OK,
2025-10-03,2025-10-03 08:00 PM,Sam Chen,60.00,22.10,-37.90,3,1,OK,
2025-10-03,2025-10-03 08:00 PM,Riley Park,20.00,41.30,+21.30,1,1,OK,
2025-10-03,2025-10-03 08:00 PM,Morgan Wu,20.00,0.00,-20.00,1,0,BUYIN-ONLY,
2025-10-03,2025-10-03 08:00 PM,Casey Tran,20.00,11.60,-8.40,1,1,OK,
2025-10-03,2025-10-03 08:00 PM,Drew Santos,20.00,0.00,-20.00,1,0,BUYIN-ONLY,
2025-10-17,2025-10-17 08:45 PM,Alex Kim,40.00,72.80,+32.80,2,1,OK,
2025-10-17,2025-10-17 08:45 PM,Jordan Lee,20.00,0.00,-20.00,1,0,BUYIN-ONLY,
2025-10-17,2025-10-17 08:45 PM,Sam Chen,20.00,30.00,+10.00,1,1,OK,
2025-10-17,2025-10-17 08:45 PM,Riley Park,20.00,0.00,-20.00,1,0,BUYIN-ONLY,
2025-10-17,2025-10-17 08:45 PM,Morgan Wu,20.00,49.60,+29.60,1,1,OK,
2025-10-17,2025-10-17 08:45 PM,Taylor Nguyen,20.00,0.00,-20.00,1,0,BUYIN-ONLY,
2025-10-17,2025-10-17 08:45 PM,Drew Santos,20.00,0.00,-20.00,1,0,BUYIN-ONLY,
2025-11-07,2025-11-07 08:20 PM,Alex Kim,20.00,55.00,+35.00,1,1,OK,
2025-11-07,2025-11-07 08:20 PM,Jordan Lee,20.00,0.00,-20.00,1,0,BUYIN-ONLY,
2025-11-07,2025-11-07 08:20 PM,Sam Chen,20.00,22.30,+2.30,1,1,OK,
2025-11-07,2025-11-07 08:20 PM,Riley Park,40.00,64.70,+24.70,2,1,OK,
2025-11-07,2025-11-07 08:20 PM,Morgan Wu,20.00,0.00,-20.00,1,0,BUYIN-ONLY,
2025-11-07,2025-11-07 08:20 PM,Casey Tran,20.00,0.00,-20.00,1,0,BUYIN-ONLY,
2025-11-07,2025-11-07 08:20 PM,Drew Santos,20.00,0.00,-20.00,1,0,BUYIN-ONLY,
2025-11-21,2025-11-21 09:00 PM,Alex Kim,20.00,0.00,-20.00,1,0,BUYIN-ONLY,
2025-11-21,2025-11-21 09:00 PM,Jordan Lee,20.00,91.20,+71.20,1,1,OK,
2025-11-21,2025-11-21 09:00 PM,Sam Chen,20.00,0.00,-20.00,1,0,BUYIN-ONLY,
2025-11-21,2025-11-21 09:00 PM,Riley Park,20.00,0.00,-20.00,1,0,BUYIN-ONLY,
2025-11-21,2025-11-21 09:00 PM,Morgan Wu,20.00,33.80,+13.80,1,1,OK,
2025-11-21,2025-11-21 09:00 PM,Taylor Nguyen,20.00,15.00,-5.00,1,1,OK,
2025-11-21,2025-11-21 09:00 PM,Drew Santos,20.00,0.00,-20.00,1,0,BUYIN-ONLY,
2025-12-05,2025-12-05 08:10 PM,Alex Kim,20.00,38.90,+18.90,1,1,OK,
2025-12-05,2025-12-05 08:10 PM,Jordan Lee,20.00,0.00,-20.00,1,0,BUYIN-ONLY,
2025-12-05,2025-12-05 08:10 PM,Sam Chen,20.00,57.40,+37.40,1,1,OK,
2025-12-05,2025-12-05 08:10 PM,Riley Park,20.00,0.00,-20.00,1,0,BUYIN-ONLY,
2025-12-05,2025-12-05 08:10 PM,Morgan Wu,20.00,0.00,-20.00,1,0,BUYIN-ONLY,
2025-12-05,2025-12-05 08:10 PM,Casey Tran,20.00,0.00,-20.00,1,0,BUYIN-ONLY,
2025-12-05,2025-12-05 08:10 PM,Drew Santos,20.00,44.70,+24.70,1,1,OK,
2025-12-19,2025-12-19 08:30 PM,Alex Kim,60.00,120.50,+60.50,3,1,OK,
2025-12-19,2025-12-19 08:30 PM,Jordan Lee,20.00,0.00,-20.00,1,0,BUYIN-ONLY,
2025-12-19,2025-12-19 08:30 PM,Sam Chen,20.00,0.00,-20.00,1,0,BUYIN-ONLY,
2025-12-19,2025-12-19 08:30 PM,Riley Park,20.00,0.00,-20.00,1,0,BUYIN-ONLY,
2025-12-19,2025-12-19 08:30 PM,Morgan Wu,20.00,0.00,-20.00,1,0,BUYIN-ONLY,
2025-12-19,2025-12-19 08:30 PM,Taylor Nguyen,20.00,60.50,+40.50,1,1,OK,
2025-12-19,2025-12-19 08:30 PM,Drew Santos,20.00,0.00,-20.00,1,0,BUYIN-ONLY,
2026-01-09,2026-01-09 08:00 PM,Alex Kim,20.00,0.00,-20.00,1,0,BUYIN-ONLY,
2026-01-09,2026-01-09 08:00 PM,Jordan Lee,20.00,44.10,+24.10,1,1,OK,
2026-01-09,2026-01-09 08:00 PM,Sam Chen,20.00,0.00,-20.00,1,0,BUYIN-ONLY,
2026-01-09,2026-01-09 08:00 PM,Riley Park,20.00,68.90,+48.90,1,1,OK,
2026-01-09,2026-01-09 08:00 PM,Morgan Wu,20.00,0.00,-20.00,1,0,BUYIN-ONLY,
2026-01-09,2026-01-09 08:00 PM,Casey Tran,20.00,0.00,-20.00,1,0,BUYIN-ONLY,
2026-01-09,2026-01-09 08:00 PM,Drew Santos,20.00,27.00,+7.00,1,1,OK,
2026-01-23,2026-01-23 08:45 PM,Alex Kim,20.00,73.60,+53.60,1,1,OK,
2026-01-23,2026-01-23 08:45 PM,Jordan Lee,40.00,0.00,-40.00,2,0,BUYIN-ONLY,
2026-01-23,2026-01-23 08:45 PM,Sam Chen,20.00,0.00,-20.00,1,0,BUYIN-ONLY,
2026-01-23,2026-01-23 08:45 PM,Riley Park,20.00,36.40,+16.40,1,1,OK,
2026-01-23,2026-01-23 08:45 PM,Morgan Wu,20.00,44.00,+24.00,1,1,OK,
2026-01-23,2026-01-23 08:45 PM,Taylor Nguyen,20.00,0.00,-20.00,1,0,BUYIN-ONLY,
2026-01-23,2026-01-23 08:45 PM,Drew Santos,20.00,6.00,-14.00,1,1,OK,
2026-02-06,2026-02-06 08:15 PM,Alex Kim,20.00,0.00,-20.00,1,0,BUYIN-ONLY,
2026-02-06,2026-02-06 08:15 PM,Jordan Lee,20.00,52.30,+32.30,1,1,OK,
2026-02-06,2026-02-06 08:15 PM,Sam Chen,20.00,18.70,-1.30,1,1,OK,
2026-02-06,2026-02-06 08:15 PM,Riley Park,20.00,0.00,-20.00,1,0,BUYIN-ONLY,
2026-02-06,2026-02-06 08:15 PM,Morgan Wu,20.00,69.00,+49.00,1,1,OK,
2026-02-06,2026-02-06 08:15 PM,Casey Tran,20.00,0.00,-20.00,1,0,BUYIN-ONLY,
2026-02-06,2026-02-06 08:15 PM,Drew Santos,20.00,20.00,+0.00,1,1,OK,
2026-02-20,2026-02-20 08:00 PM,Newcomer Kay,20.00,0.00,-20.00,1,0,BUYIN-ONLY,
2026-03-06,2026-03-06 08:30 PM,Newcomer Kay,20.00,45.00,+25.00,1,1,OK,
2026-03-20,2026-03-20 08:15 PM,Newcomer Kay,20.00,0.00,-20.00,1,0,BUYIN-ONLY,
2026-03-20,2026-03-20 08:15 PM,Guest Lee,20.00,75.00,+55.00,1,1,OK,
